threshold,arm,seed,first_experiment,experiments,hours_from_start,run_hours
61.58,a,0,E013,13.0,2.67,5.43
61.58,a,1,E019,19.0,7.0,7.64
61.58,a,2,never,,,5.92
61.58,a_prime,0,never,,,2.79
61.58,a_prime,1,never,,,3.97
61.58,a_prime,2,never,,,4.24
61.58,b,0,E001,1.0,0.02,3.66
61.58,b,1,E001,1.0,0.08,4.08
61.58,b,2,E001,1.0,0.03,3.56
62.27,a,0,E005,5.0,0.5,5.43
62.27,a,1,E003,3.0,0.32,7.64
62.27,a,2,E005,5.0,1.25,5.92
62.27,a_prime,0,never,,,2.79
62.27,a_prime,1,E015,15.0,2.42,3.97
62.27,a_prime,2,never,,,4.24
62.27,b,0,E001,1.0,0.02,3.66
62.27,b,1,E001,1.0,0.08,4.08
62.27,b,2,E001,1.0,0.03,3.56
