arm,seed,threshold,experiments,mtokens,hours
a,0,63.0,4.0,0.14,0.3
a,0,62.24,5.0,0.22,0.5
a,0,61.5,,,
a,1,63.0,3.0,0.25,0.32
a,1,62.24,3.0,0.25,0.32
a,1,61.5,,,
a,2,63.0,3.0,0.24,0.33
a,2,62.24,5.0,0.43,1.25
a,2,61.5,,,
a_prime,0,63.0,7.0,0.54,0.94
a_prime,0,62.24,,,
a_prime,0,61.5,,,
a_prime,1,63.0,6.0,0.39,1.02
a_prime,1,62.24,15.0,1.04,2.42
a_prime,1,61.5,,,
a_prime,2,63.0,10.0,0.91,1.67
a_prime,2,62.24,,,
a_prime,2,61.5,,,
b,0,63.0,1.0,0.02,0.02
b,0,62.24,1.0,0.02,0.02
b,0,61.5,2.0,0.05,0.06
b,1,63.0,1.0,0.03,0.07
b,1,62.24,1.0,0.03,0.07
b,1,61.5,1.0,0.03,0.07
b,2,63.0,1.0,0.02,0.02
b,2,62.24,1.0,0.02,0.02
b,2,61.5,2.0,0.03,0.06
